Transaction_ID,Customer_ID,Transaction_Date,Transaction_Type,Amount,Transaction_Status,Transaction_Location,Currency
1,2824,2022-11-13,withdrawal,8655.36,pending,West Elizabeth,GBP
2,1409,2023-03-28,deposit,9518.47,failed,Lake Misty,USD
3,5506,2022-02-04,withdrawal,4846.6,pending,West Matthewchester,USD
4,5012,2023-08-17,withdrawal,1952.09,pending,North Jenniferfurt,GBP
5,4657,2023-01-09,transfer,3840.06,failed,East Pamela,EUR
6,3286,2022-05-15,deposit,5616.26,completed,Port Helenview,EUR
7,2679,2022-04-03,transfer,6531.04,completed,West Andrea,USD
8,9935,2022-10-30,transfer,4091.93,completed,Port Tonya,USD
9,2424,2022-12-01,withdrawal,4917.77,completed,Wrightstad,GBP
10,7912,2023-03-02,withdrawal,7101.71,completed,South Michael,GBP
11,1520,2022-06-29,withdrawal,4439.07,failed,East Stephanie,EUR
12,1488,2022-07-25,withdrawal,1673.37,failed,East Gerald,USD
13,2535,2022-05-16,transfer,5654.41,completed,Yatesside,USD
14,4582,2023-07-07,transfer,7959.01,pending,South Eric,GBP
15,4811,2023-01-10,withdrawal,2206.07,pending,South Jessicaside,GBP
16,9279,2023-06-28,withdrawal,327.92,pending,Schaefermouth,GBP
17,1434,2023-05-29,deposit,2249.21,failed,West Courtneyport,GBP
18,4257,2022-10-07,transfer,2887.41,pending,Maryborough,USD
19,9928,2022-06-18,transfer,7807.62,failed,Lake Amber,GBP
20,7873,2022-09-21,transfer,5656.94,completed,Milesfurt,USD
21,4611,2023-05-09,withdrawal,7725.7,pending,Lake Vanessamouth,GBP
22,8359,2022-10-30,withdrawal,4953.64,pending,West Alexanderchester,USD
23,5557,2022-12-13,withdrawal,5108.55,completed,Lake Tracey,EUR
24,1106,2022-04-28,deposit,5727.57,completed,Markhaven,USD
25,3615,2023-04-25,withdrawal,2679.62,pending,Moyerside,GBP
26,7924,2022-03-19,deposit,5431.52,pending,Smithtown,USD
27,6574,2022-05-25,withdrawal,9908.95,pending,Josephmouth,USD
28,5552,2022-08-20,transfer,5420.89,pending,New Emily,USD
29,3547,2023-02-11,deposit,7568.11,pending,South Seth,EUR
30,4527,2023-07-25,withdrawal,7600.28,failed,South Jacobport,EUR
31,6514,2023-01-10,withdrawal,4414.22,pending,Lopezburgh,EUR
32,2674,2022-04-03,transfer,2186.2,pending,North Jeffrey,GBP
33,2519,2023-02-09,withdrawal,4252.12,failed,West Matthewburgh,EUR
34,7224,2022-01-15,transfer,7360.15,completed,North Joanne,EUR
35,2584,2022-09-28,withdrawal,6537.06,completed,Lake Nicholasview,GBP
36,6881,2023-07-04,deposit,2476.07,completed,Ronaldmouth,USD
37,6635,2022-05-07,deposit,8748.22,failed,North Denisefort,GBP
38,5333,2023-04-11,transfer,323.27,failed,Lindseyfort,USD
39,1711,2023-01-13,withdrawal,2628.89,completed,New Jeffrey,GBP
40,8527,2022-09-26,transfer,8622.13,completed,West Jeffreyburgh,GBP
41,9785,2023-08-22,transfer,870.74,completed,Port Kimberlyberg,USD
42,3045,2023-01-26,withdrawal,8653.04,pending,Port Alicia,USD
43,7201,2023-01-16,deposit,1174.74,failed,East Austin,GBP
44,2291,2022-04-21,deposit,8119.08,pending,East Williamstad,EUR
45,5803,2022-08-28,transfer,2099.57,failed,East Daniel,GBP
46,6925,2023-04-28,transfer,7376.39,failed,Collinsport,GBP
47,4150,2022-01-26,transfer,6891.65,pending,Stevenview,GBP
48,2139,2023-07-29,deposit,8610.63,completed,West Maureen,EUR
49,1750,2022-12-02,deposit,6103.01,failed,Turnertown,EUR
50,4733,2022-08-15,deposit,4282.24,pending,North Heidiside,EUR
51,5741,2022-03-06,transfer,6161.9,pending,Cameronview,USD
52,2307,2023-04-21,transfer,7848.71,failed,Lake Amber,GBP
53,4814,2022-11-06,deposit,8135.49,completed,South Tiffanychester,USD
54,2654,2023-02-23,transfer,8054.6,failed,Gregoryborough,EUR
55,7227,2022-04-30,deposit,5701.17,failed,West Adam,EUR
56,5554,2022-05-24,deposit,5323.28,completed,New Scott,GBP
57,8428,2022-02-16,deposit,5968.98,pending,Jensenville,USD
58,6977,2022-02-08,withdrawal,1684.61,pending,East Laura,EUR
59,3664,2022-11-08,withdrawal,9790.02,completed,Port Lisaville,USD
60,7065,2023-05-20,transfer,2927.05,pending,North Amanda,EUR
61,6820,2022-04-29,withdrawal,5727.78,pending,Hallton,GBP
62,4432,2022-04-10,deposit,9524.02,completed,Davismouth,USD
63,5374,2022-08-29,transfer,5144.64,completed,Veronicaville,GBP
64,2169,2023-07-05,deposit,9001.65,pending,South Kim,USD
65,3803,2022-05-19,deposit,8151.99,failed,East Jessica,GBP
66,9751,2023-02-02,transfer,1356.75,pending,East Jose,EUR
67,5010,2023-04-10,deposit,7501.19,completed,Martinberg,EUR
68,3677,2023-01-15,withdrawal,4116.55,failed,North Joshuatown,USD
69,8573,2023-07-08,transfer,593.8,failed,Lake Philip,GBP
70,7216,2023-03-06,withdrawal,2773.96,failed,Port Joseph,EUR
71,5422,2023-08-25,withdrawal,6559.31,failed,Oconnorport,GBP
72,4598,2022-06-08,transfer,7014.56,failed,Lake Ann,GBP
73,6313,2023-03-01,deposit,1327.78,failed,North Donald,EUR
74,1916,2022-04-12,withdrawal,1463.29,failed,South Yvonnefurt,GBP
75,4752,2023-05-17,withdrawal,3221.65,completed,New Kristiton,EUR
76,1525,2023-02-22,withdrawal,2476.3,failed,New Grace,EUR
77,6168,2022-10-14,transfer,8435.71,pending,Cruzport,GBP
78,7572,2022-02-03,deposit,3927.61,failed,New Dennis,EUR
79,5386,2023-01-15,deposit,1422.57,failed,North Robyn,USD
80,2084,2022-08-11,transfer,6324.39,failed,Rodriguezchester,EUR
81,4456,2023-03-31,transfer,6278.5,failed,East Amberfort,EUR
82,6155,2023-04-01,deposit,3752.35,failed,Jenningsmouth,GBP
83,4483,2022-08-30,transfer,756.09,completed,Pamelamouth,EUR
84,9179,2023-01-07,transfer,7946.19,pending,East Tyler,GBP
85,7482,2022-04-12,transfer,7689.07,failed,Phillipside,USD
86,8517,2023-01-12,deposit,4029.1,failed,Bergerview,EUR
87,3340,2023-07-12,deposit,7498.27,completed,Williamville,USD
88,5339,2023-01-03,withdrawal,6947.34,pending,Whitakermouth,EUR
89,3287,2022-03-04,deposit,8773.3,pending,East Steven,USD
90,5040,2023-02-12,deposit,4547.5,failed,Burnsburgh,EUR
91,9830,2022-10-10,withdrawal,4880.96,failed,Alexachester,GBP
92,5304,2022-07-14,withdrawal,5819.97,failed,Moonstad,USD
93,8019,2022-05-06,deposit,8689.21,pending,South Cynthia,GBP
94,7543,2023-04-11,transfer,8471.83,completed,Fisherchester,GBP
95,6930,2022-04-04,withdrawal,932.32,failed,Christopherport,USD
96,4593,2022-08-06,deposit,9721.53,failed,South Bradleyside,EUR
97,3266,2022-01-22,deposit,6348.77,completed,South Guyfurt,EUR
98,9348,2022-02-21,withdrawal,6973.19,completed,South John,EUR
99,9085,2022-12-08,transfer,8501.21,failed,Christopherville,GBP
100,2489,2022-09-07,transfer,7956.98,completed,Bryantberg,GBP
101,1771,2022-05-09,deposit,3977.76,failed,East Calvin,USD
102,2796,2023-08-02,withdrawal,9681.32,pending,Port Joel,GBP
103,3504,2022-07-30,withdrawal,8248.65,pending,West Rebecca,EUR
104,3621,2022-03-12,withdrawal,4947.65,completed,Pattersonborough,USD
105,7916,2023-07-22,transfer,3229.33,completed,Taylortown,EUR
106,2040,2022-08-01,transfer,2836.65,pending,Millermouth,USD
107,7304,2023-08-24,transfer,5473.56,pending,South Tracymouth,EUR
108,7252,2022-08-10,withdrawal,1306.81,completed,East Ronaldtown,GBP
109,8668,2022-08-27,deposit,8524.37,pending,South Barbaramouth,GBP
110,9669,2022-12-03,transfer,7883.25,pending,Fletcherhaven,EUR
111,5119,2022-06-01,withdrawal,8941.65,completed,Lauramouth,USD
112,1188,2022-01-03,withdrawal,7622.78,failed,North Patrick,GBP
113,2876,2022-10-11,deposit,460.38,completed,North David,USD
114,9797,2022-05-29,deposit,6262.17,failed,Port Jonathanburgh,EUR
115,5371,2022-05-14,withdrawal,8367.19,failed,Ryanview,EUR
116,6573,2023-07-08,deposit,163.8,pending,Deckerberg,EUR
117,2827,2022-09-14,transfer,9294.4,pending,West Crystal,USD
118,5808,2022-06-28,withdrawal,1580.68,completed,Lake Michelle,GBP
119,8123,2022-04-23,transfer,4565.72,completed,South Kendraton,EUR
120,3591,2022-01-27,withdrawal,9918.39,pending,Lake Michael,USD
121,8433,2022-05-15,transfer,4278.57,pending,Christopherside,GBP
122,1053,2022-01-16,deposit,9956.94,failed,East Amandaborough,GBP
123,5315,2023-01-02,deposit,9094.16,pending,Port Christopherville,USD
124,9201,2022-09-01,transfer,8821.6,completed,Jenniferport,EUR
125,3927,2023-08-26,withdrawal,3019.35,pending,East Jacobfort,GBP
126,9317,2022-11-28,withdrawal,8744.36,pending,Austinstad,USD
127,2743,2022-01-17,transfer,8766.07,pending,Montesville,USD
128,5889,2022-06-28,transfer,934.31,completed,East Deniseside,GBP
129,9317,2022-09-29,deposit,3604.99,pending,Michaelmouth,USD
130,4258,2022-02-23,deposit,825.12,failed,Valeriechester,EUR
131,3504,2022-05-10,transfer,6645.42,failed,Thomasfurt,USD
132,7126,2023-03-08,transfer,6489.46,completed,East Amandahaven,USD
133,3646,2023-06-23,withdrawal,518.82,completed,Hutchinsonside,USD
134,9837,2022-04-27,withdrawal,6256.42,pending,Johntown,USD
135,9689,2022-03-07,transfer,7260.16,pending,Lake Andrewshire,GBP
136,1009,2023-05-03,withdrawal,7552.57,completed,Joshuaview,EUR
137,6310,2023-04-05,deposit,4292.88,failed,Kaylachester,USD
138,9005,2023-01-06,withdrawal,912.9,failed,Lake Samanthamouth,USD
139,1319,2023-06-10,transfer,952.74,completed,Robertobury,USD
140,2832,2022-04-22,deposit,2135.0,completed,Justinfort,USD
141,6947,2023-04-08,deposit,780.31,failed,New Diana,GBP
142,6038,2023-05-31,deposit,5937.2,failed,Williamsbury,GBP
143,4923,2022-08-15,withdrawal,5194.92,failed,Jacobburgh,EUR
144,1949,2022-02-14,withdrawal,4451.22,pending,New Jessica,GBP
145,4946,2023-06-18,deposit,81.62,failed,Barbarastad,USD
146,2290,2022-11-05,deposit,3436.4,failed,North Christophermouth,GBP
147,2403,2023-04-15,withdrawal,1206.82,completed,Lake Brittanyborough,USD
148,8962,2022-02-01,withdrawal,8603.54,failed,West Frank,EUR
149,2133,2022-03-04,deposit,6940.62,failed,Hernandeztown,EUR
150,9727,2023-05-06,withdrawal,4777.52,pending,North Timothy,GBP
151,3060,2023-02-16,withdrawal,2290.24,pending,Melissafort,EUR
152,3103,2023-03-13,withdrawal,894.22,pending,Bellburgh,EUR
153,8787,2022-04-21,withdrawal,8059.76,completed,Rebeccaberg,GBP
154,3705,2023-05-18,transfer,1032.91,completed,Port Renee,EUR
155,5342,2023-03-31,transfer,3676.25,pending,Jackfort,EUR
156,9645,2022-03-17,transfer,2993.25,pending,Davismouth,USD
157,7932,2022-03-24,deposit,3827.83,failed,Whiteberg,GBP
158,4470,2022-11-26,withdrawal,8133.87,failed,West Leestad,EUR
159,9835,2022-06-01,transfer,8745.1,failed,West Erin,EUR
160,4295,2022-03-09,withdrawal,6416.12,pending,Perryberg,USD
161,6107,2022-05-10,transfer,6771.69,failed,Port Kara,GBP
162,7537,2022-10-09,deposit,685.05,failed,West Sharonhaven,USD
163,7118,2023-08-23,deposit,5633.35,pending,Johnsonville,USD
164,8177,2023-07-16,transfer,6103.58,failed,Crystalhaven,GBP
165,9479,2022-11-29,deposit,1642.0,pending,New Cassandraburgh,EUR
166,8397,2023-01-26,withdrawal,3512.53,completed,West Amandaport,EUR
167,2982,2023-06-28,withdrawal,2131.34,completed,Sherylmouth,GBP
168,5061,2022-10-29,deposit,7482.94,failed,Anthonystad,USD
169,4681,2023-04-10,withdrawal,9199.02,completed,Port Jasmine,GBP
170,2049,2023-06-02,transfer,6161.14,completed,Lake Jaimestad,EUR
171,6539,2023-03-17,transfer,4424.4,pending,Port Anthonyhaven,EUR
172,1344,2022-04-12,transfer,2173.23,pending,West Tracy,GBP
173,4770,2022-04-28,withdrawal,8966.03,failed,Ashleychester,USD
174,4608,2023-07-19,transfer,1400.99,pending,Lamberttown,EUR
175,1117,2022-08-09,deposit,1232.45,failed,Port Bethfurt,USD
176,2163,2023-03-17,transfer,7300.36,failed,Barrerastad,GBP
177,1964,2023-04-08,withdrawal,3516.0,pending,East Jamesberg,GBP
178,4750,2022-08-22,withdrawal,4294.46,failed,Michaeltown,EUR
179,2104,2023-02-28,transfer,7910.98,completed,Stantonfurt,EUR
180,1514,2022-12-14,deposit,2478.62,completed,North Julie,GBP
181,6413,2023-04-10,deposit,6446.56,completed,South Jason,USD
182,2160,2023-02-13,deposit,2482.42,pending,Caitlinbury,USD
183,9423,2023-03-02,withdrawal,6010.39,completed,Carlatown,GBP
184,4899,2022-04-08,deposit,7212.08,failed,Smithberg,USD
185,5562,2022-11-17,withdrawal,2849.92,failed,Townsendview,EUR
186,8953,2023-03-14,transfer,9412.85,failed,Port Jorgeland,GBP
187,4510,2022-11-17,transfer,269.22,pending,Alvarezberg,USD
188,9834,2022-09-19,withdrawal,8470.85,completed,Walkertown,EUR
189,3167,2023-01-19,withdrawal,8758.4,pending,Brownview,EUR
190,8744,2022-06-06,transfer,2055.25,failed,New Brandon,GBP
191,4981,2023-05-01,transfer,6069.66,completed,Morenoview,EUR
192,8749,2022-03-10,withdrawal,1887.28,completed,Port Stephen,USD
193,7669,2022-04-04,transfer,3918.12,completed,Robertstad,GBP
194,4119,2022-03-29,transfer,6462.05,pending,East Hectorshire,EUR
195,2545,2022-04-06,deposit,7838.23,completed,Jenniferfort,USD
196,2588,2023-03-19,deposit,7937.99,pending,Hayesbury,EUR
197,8062,2022-04-09,transfer,2394.17,completed,North Michaelfurt,EUR
198,6804,2023-01-17,transfer,3859.47,failed,Cobbton,GBP
199,7939,2022-05-14,deposit,2411.58,pending,South Elizabeth,EUR
200,7735,2023-07-24,transfer,6381.19,completed,Philipshire,EUR
201,8651,2022-03-03,withdrawal,711.05,pending,Brianstad,USD
202,1887,2023-08-24,transfer,8887.36,completed,North Gregorymouth,EUR
203,2612,2023-07-30,transfer,121.66,failed,Ruizbury,EUR
204,1993,2023-07-30,withdrawal,3611.62,failed,Port Lisamouth,USD
205,7596,2022-12-04,deposit,3165.41,failed,Stanleybury,EUR
206,6559,2022-05-06,transfer,3869.0,completed,Rileyburgh,GBP
207,2790,2023-02-25,deposit,8389.89,pending,Dianebury,EUR
208,5073,2022-12-29,deposit,4209.21,pending,Lake Michael,EUR
209,4139,2023-03-10,transfer,5464.02,failed,West Gwendolyn,EUR
210,4116,2022-02-22,transfer,1728.53,failed,North Josephmouth,EUR
211,9786,2022-10-22,deposit,4710.68,failed,Phillipsfurt,EUR
212,8350,2022-11-16,transfer,9873.68,completed,South Aaron,USD
213,3296,2022-12-27,transfer,730.85,pending,Sethview,GBP
214,7912,2022-04-17,deposit,5874.05,completed,Port Emilymouth,USD
215,4006,2023-08-15,deposit,138.92,failed,East Jasonborough,GBP
216,5563,2023-06-04,withdrawal,2158.21,failed,Lake Luis,GBP
217,8579,2022-08-06,transfer,9225.87,completed,Duranstad,USD
218,5092,2022-06-08,withdrawal,9486.85,failed,Port Thomas,USD
219,2235,2023-05-09,deposit,3980.35,pending,West Michaelamouth,GBP
220,8260,2022-08-18,transfer,2865.59,failed,Castroville,EUR
221,2604,2022-04-21,deposit,7126.58,pending,Port Joshuamouth,USD
222,1828,2022-12-25,transfer,7671.33,failed,Jenniferton,GBP
223,9856,2023-07-24,transfer,4236.33,completed,East Michael,EUR
224,1241,2023-01-12,withdrawal,4023.37,failed,South Jessicastad,EUR
225,2528,2022-04-28,deposit,6405.73,failed,Johnbury,USD
226,4872,2022-10-13,transfer,5377.02,completed,Grahamberg,USD
227,3724,2023-08-11,withdrawal,1527.65,failed,Shirleyburgh,GBP
228,7658,2022-08-20,deposit,836.89,completed,Bentleyberg,USD
229,8956,2023-03-16,withdrawal,791.14,completed,Lake Nicholasbury,EUR
230,8886,2023-07-29,deposit,9209.33,pending,East Kristina,USD
231,4502,2023-07-25,transfer,9743.16,failed,North Paul,USD
232,7570,2022-01-27,withdrawal,1554.62,failed,Racheltown,EUR
233,1960,2022-10-01,withdrawal,3268.18,failed,Wyattmouth,EUR
234,3697,2022-01-30,transfer,5864.79,pending,Rodriguezmouth,USD
235,7209,2022-07-04,deposit,7632.48,failed,North Wyattchester,GBP
236,1035,2022-10-07,transfer,6498.75,pending,North Madisonside,GBP
237,7396,2022-11-13,withdrawal,6431.9,pending,Henryland,GBP
238,5345,2022-12-14,transfer,3102.38,failed,Port Mark,GBP
239,8454,2022-12-26,withdrawal,4375.42,failed,Port Erikburgh,EUR
240,5673,2022-01-07,transfer,9534.33,completed,New Angela,EUR
241,7930,2022-07-05,deposit,2387.14,pending,South Davidshire,EUR
242,8973,2022-05-27,withdrawal,2445.55,pending,Tammymouth,EUR
243,3536,2023-08-03,withdrawal,9246.35,pending,Brianmouth,GBP
244,4111,2023-02-15,deposit,1160.75,pending,Davischester,GBP
245,5861,2022-03-13,transfer,6123.36,pending,South Cheryl,USD
246,4566,2022-05-26,deposit,551.23,completed,Hartborough,EUR
247,1958,2022-02-01,transfer,6661.13,completed,North Jonathanton,USD
248,9883,2022-04-04,deposit,6580.87,pending,Wrighttown,GBP
249,1998,2023-06-28,deposit,1757.28,failed,Richardsmouth,USD
250,6138,2022-08-09,withdrawal,127.64,failed,West Chadton,USD
251,1936,2023-01-21,withdrawal,1372.98,failed,Toddport,USD
252,1821,2023-03-06,transfer,114.49,failed,Port Rebeccastad,EUR
253,8811,2023-04-10,deposit,4964.63,pending,Carrollberg,EUR
254,9238,2022-12-16,transfer,3467.7,failed,Lake Susan,GBP
255,9701,2022-06-11,deposit,5172.71,failed,Kimland,USD
256,3579,2023-01-14,deposit,8225.25,pending,Callahanborough,EUR
257,1931,2022-11-16,withdrawal,2593.21,failed,Williamport,GBP
258,9320,2022-11-29,deposit,3719.32,failed,Jordanton,EUR
259,2312,2023-08-05,withdrawal,7498.01,failed,Michaelmouth,EUR
260,4044,2022-03-28,withdrawal,8734.73,failed,Port Wendyburgh,EUR
261,2122,2022-02-23,deposit,7329.63,completed,Latoyaburgh,EUR
262,2113,2022-06-09,deposit,1181.45,completed,Lisamouth,GBP
263,4853,2022-06-11,transfer,8999.07,completed,Anthonyfurt,GBP
264,7615,2022-02-20,transfer,3350.78,failed,Lake Jamie,EUR
265,2964,2022-03-25,transfer,4293.82,failed,West Tracyview,EUR
266,5033,2022-10-06,withdrawal,5239.02,pending,Johnport,USD
267,1651,2023-03-30,withdrawal,2630.23,failed,Doughertyburgh,EUR
268,2343,2023-03-11,withdrawal,9750.53,pending,South Chaseville,USD
269,7868,2023-05-13,withdrawal,6275.7,failed,Shannonview,EUR
270,9565,2023-03-29,withdrawal,4961.98,completed,East Robertmouth,GBP
271,6183,2023-03-01,withdrawal,5108.31,failed,West Toddland,GBP
272,5272,2022-10-07,deposit,555.34,failed,Elizabethmouth,USD
273,4346,2022-08-09,transfer,8593.74,completed,North Sherry,GBP
274,6147,2023-06-09,transfer,1669.65,failed,Williamborough,GBP
275,4910,2022-04-27,transfer,1573.94,failed,West Jamie,GBP
276,5351,2022-12-20,deposit,7733.52,failed,South Helen,GBP
277,7484,2023-03-17,transfer,8942.79,failed,New Justin,GBP
278,3144,2022-04-24,withdrawal,6741.53,pending,Barkermouth,USD
279,5915,2022-10-18,deposit,1154.22,failed,Olsonhaven,EUR
280,8491,2023-05-14,deposit,7408.06,completed,Coxshire,EUR
281,6180,2023-06-24,transfer,26.68,pending,Joshuaport,EUR
282,2188,2022-11-12,withdrawal,8587.03,failed,Ryanberg,GBP
283,1152,2022-02-16,transfer,123.87,pending,Jamesmouth,GBP
284,8508,2022-08-14,deposit,460.77,failed,Hortonburgh,EUR
285,2638,2023-02-09,transfer,3640.4,failed,New Jamie,GBP
286,2200,2022-02-26,deposit,9202.35,failed,Sarahtown,EUR
287,9808,2022-01-08,deposit,1790.43,failed,Williamschester,USD
288,4492,2022-07-29,deposit,9603.46,pending,South Chelsea,EUR
289,9288,2022-11-05,withdrawal,354.6,failed,North Regina,GBP
290,5345,2022-08-05,withdrawal,8031.35,failed,North Jeffery,EUR
291,3170,2022-05-21,transfer,7140.49,failed,South Samantha,EUR
292,6718,2022-09-19,transfer,6557.38,pending,West Daniel,GBP
293,2127,2022-10-24,transfer,2245.93,pending,West Karenport,USD
294,5002,2022-12-02,withdrawal,2483.38,completed,Huffville,USD
295,7054,2022-05-03,transfer,9158.63,failed,Port Dylanmouth,GBP
296,5669,2022-01-08,withdrawal,3200.03,completed,Lake Wayne,EUR
297,3584,2023-05-25,deposit,8260.14,completed,West Cindy,EUR
298,8179,2023-03-17,deposit,5715.79,pending,North Stephenberg,GBP
299,9900,2022-06-29,withdrawal,1194.89,completed,West Austin,GBP
300,5956,2022-05-13,withdrawal,6733.58,completed,Martinland,GBP
301,9666,2023-01-25,deposit,527.67,failed,West Joshua,EUR
302,1128,2023-06-30,withdrawal,2232.63,completed,Danielmouth,USD
303,5905,2022-08-24,deposit,5158.23,completed,Lake Jeanne,USD
304,2697,2023-05-28,transfer,460.24,pending,Apriltown,USD
305,3200,2023-07-27,deposit,4009.85,completed,Robertberg,EUR
306,5333,2022-12-29,deposit,8770.04,pending,Strongview,USD
307,2891,2022-03-15,transfer,8660.46,failed,North Robert,EUR
308,2753,2023-02-11,withdrawal,7735.5,pending,Darrellfurt,EUR
309,3546,2022-02-13,transfer,3107.67,completed,New Brendan,GBP
310,5462,2023-03-23,deposit,864.77,completed,Cynthiatown,EUR
311,5616,2022-01-20,deposit,4568.01,failed,Nguyenfort,GBP
312,4450,2023-04-16,deposit,3689.82,pending,Sandrastad,EUR
313,6617,2022-03-21,deposit,2916.66,completed,Abbotttown,GBP
314,4335,2022-11-17,deposit,7845.29,failed,Richardsonland,GBP
315,5325,2023-08-13,transfer,7396.02,completed,East Rachelshire,EUR
316,9280,2023-03-16,deposit,2426.6,pending,South Michael,EUR
317,9004,2023-08-11,withdrawal,3683.37,pending,South Michaelburgh,EUR
318,5114,2023-02-19,transfer,9718.61,completed,Ariashaven,EUR
319,1832,2023-03-04,transfer,9977.87,failed,Reynoldsbury,GBP
320,2512,2022-10-24,transfer,7759.08,failed,Port Patrick,GBP
321,7939,2022-04-28,deposit,7324.9,failed,South Davidmouth,GBP
322,5533,2023-02-19,deposit,5466.05,failed,Craigfort,EUR
323,1722,2022-01-22,transfer,7959.94,completed,Pierceport,EUR
324,1058,2022-11-29,deposit,1506.51,failed,Monroemouth,USD
325,6464,2022-06-25,withdrawal,9324.04,failed,Tristanview,USD
326,3143,2023-04-17,withdrawal,240.08,failed,East Troyshire,USD
327,5291,2023-01-06,deposit,5415.91,pending,Lake Davidhaven,USD
328,3647,2022-04-01,transfer,6359.78,completed,Jeremyfurt,GBP
329,8239,2023-03-24,deposit,6934.91,failed,East Carlosmouth,USD
330,8007,2022-04-19,deposit,96.94,failed,Jonathanhaven,GBP
331,1158,2022-09-07,deposit,3350.84,pending,West Tylerberg,EUR
332,2832,2023-03-23,transfer,7589.53,failed,New Robert,GBP
333,2232,2023-08-27,withdrawal,3763.37,failed,Madelineview,GBP
334,3442,2023-02-15,deposit,7381.09,completed,Schultzview,GBP
335,9938,2023-06-21,transfer,3075.8,pending,Fischermouth,USD
336,1590,2022-03-22,transfer,2052.74,pending,North Danielletown,USD
337,7049,2023-02-10,withdrawal,9831.17,pending,North Christopher,USD
338,3426,2022-11-14,transfer,4198.74,failed,East Nancy,EUR
339,8041,2022-12-14,transfer,9611.89,pending,North Eileenshire,USD
340,3088,2022-08-15,transfer,9725.62,failed,Michaelburgh,USD
341,1685,2022-12-08,withdrawal,1424.59,completed,East Virginiafort,USD
342,6050,2022-06-22,deposit,2798.97,completed,Garrettville,EUR
343,6974,2022-03-20,withdrawal,439.96,failed,Wilsonborough,GBP
344,1653,2023-06-07,deposit,2315.49,pending,Rebekahfort,USD
345,6862,2022-04-27,transfer,8455.2,completed,New Kyle,USD
346,4441,2023-06-28,transfer,4131.15,failed,Rogerstown,EUR
347,5088,2023-06-07,deposit,8955.88,pending,East Charlesbury,GBP
348,2684,2022-07-18,withdrawal,4585.12,completed,Michaelhaven,USD
349,6794,2022-12-24,withdrawal,7479.25,failed,Port Shawnton,USD
350,7658,2022-12-26,withdrawal,5808.13,failed,East Tara,EUR
351,3532,2022-06-01,deposit,5054.77,failed,North Jeffreytown,GBP
352,4878,2022-08-30,transfer,6372.52,failed,Angelaside,USD
353,3662,2022-04-16,transfer,3944.12,pending,Harperfort,USD
354,3900,2022-05-30,transfer,5919.37,failed,Port Erikview,GBP
355,7755,2022-09-20,deposit,623.77,failed,West Richardside,EUR
356,1406,2022-07-22,transfer,6624.78,failed,Davidchester,EUR
357,3938,2022-06-27,transfer,1307.95,failed,New Erinberg,USD
358,6442,2022-06-06,withdrawal,2917.47,completed,East Patrickhaven,USD
359,7745,2022-03-19,transfer,8509.29,failed,East Michele,GBP
360,5065,2022-07-01,withdrawal,9260.49,completed,Lake Daniel,EUR
361,5371,2023-05-21,deposit,3930.13,pending,Beckmouth,EUR
362,3608,2023-04-21,withdrawal,8319.17,pending,Armstrongberg,GBP
363,2771,2023-08-01,transfer,3263.19,completed,Lisaberg,USD
364,7267,2023-08-17,transfer,4528.13,failed,North Lisaport,USD
365,1634,2023-04-05,withdrawal,2336.88,completed,East Diamond,GBP
366,8711,2023-08-02,transfer,9435.6,completed,Marshberg,USD
367,4644,2022-11-27,withdrawal,1361.98,completed,North Matthew,USD
368,4269,2022-11-20,transfer,7701.7,failed,Scottstad,USD
369,8541,2022-06-04,withdrawal,1090.62,failed,North Mark,GBP
370,6728,2023-03-27,withdrawal,1057.47,completed,New Nicoleport,EUR
371,6000,2022-03-11,deposit,4496.22,pending,Port Sarah,EUR
372,4728,2023-04-26,withdrawal,3141.02,completed,Patrickfurt,EUR
373,4652,2023-03-29,withdrawal,1208.25,pending,North Kimberly,EUR
374,1387,2022-11-07,deposit,3583.52,pending,East Randy,GBP
375,4164,2022-10-09,transfer,7703.6,failed,Toddchester,EUR
376,7528,2023-08-29,withdrawal,4519.72,pending,Christopherport,GBP
377,6378,2022-02-27,deposit,4634.0,completed,South Bradview,EUR
378,5564,2022-12-27,deposit,8524.97,completed,New Jamesfort,USD
379,2137,2023-06-04,withdrawal,905.12,failed,Mariafort,GBP
380,5573,2022-03-17,transfer,8076.16,pending,North Rogerchester,GBP
381,6753,2022-11-14,deposit,3042.85,completed,Marcusmouth,USD
382,9346,2023-04-18,withdrawal,7047.34,pending,Westbury,GBP
383,7548,2023-04-08,deposit,6033.42,pending,West Robert,GBP
384,9785,2022-02-08,transfer,2150.99,failed,North Natasha,EUR
385,6425,2022-02-28,withdrawal,8565.88,completed,East Susan,GBP
386,1452,2023-01-13,withdrawal,1484.09,completed,Port Christine,GBP
387,2889,2022-10-21,transfer,7111.86,completed,Katherineside,GBP
388,5279,2022-03-20,transfer,9684.03,pending,Port Brenda,GBP
389,3925,2022-04-03,deposit,3963.05,failed,Russellberg,EUR
390,5349,2023-06-04,withdrawal,490.46,completed,Jasmineshire,GBP
391,1626,2023-01-29,deposit,2989.11,failed,Davidview,GBP
392,2776,2023-04-19,withdrawal,8201.08,failed,New Joshuaton,GBP
393,8119,2023-08-18,deposit,1739.5,failed,Lisaton,GBP
394,6663,2023-07-22,withdrawal,9521.01,pending,Port Eric,EUR
395,6139,2022-02-12,transfer,8546.16,pending,West Tonyatown,EUR
396,8149,2023-04-06,deposit,5559.98,failed,Wellsshire,EUR
397,9379,2023-08-09,withdrawal,5501.66,failed,North Jasonshire,GBP
398,2894,2022-07-12,withdrawal,948.16,pending,Conleyhaven,USD
399,7311,2022-11-26,deposit,1019.97,completed,Michaelmouth,USD
400,4114,2023-05-03,transfer,7938.3,failed,Lake Vincent,EUR
401,5173,2023-05-29,transfer,1215.41,pending,Dennisberg,EUR
402,1727,2022-06-04,deposit,617.63,failed,Grimeston,EUR
403,8144,2022-03-05,deposit,7809.82,completed,New Jesus,EUR
404,1027,2023-04-07,withdrawal,2223.66,completed,West Darrenstad,EUR
405,9518,2022-04-16,withdrawal,1982.13,failed,Andersonhaven,USD
406,9821,2022-12-18,transfer,4006.42,completed,East Melinda,EUR
407,4228,2022-03-28,transfer,6863.17,failed,New Devin,USD
408,6967,2023-06-01,transfer,9375.81,completed,Greenshire,USD
409,8066,2022-06-26,deposit,841.31,pending,Richardsonbury,GBP
410,2146,2022-02-10,deposit,5861.6,failed,Joshuaburgh,USD
411,6409,2022-09-11,deposit,9174.37,failed,Griffithburgh,EUR
412,6143,2023-03-25,transfer,750.8,pending,South Kennethberg,EUR
413,3041,2023-03-26,transfer,9971.62,completed,Lake Charles,EUR
414,5920,2023-06-21,transfer,1978.31,pending,Lynchshire,GBP
415,9308,2023-06-20,transfer,6460.22,completed,East Frank,USD
416,6067,2022-06-12,deposit,8093.18,completed,Micheleshire,GBP
417,7691,2023-01-08,withdrawal,920.69,failed,West Brianaview,EUR
418,6344,2023-01-17,deposit,8472.91,pending,Jaredport,EUR
419,7592,2022-10-17,withdrawal,8089.06,pending,West Tashabury,EUR
420,5844,2023-02-01,withdrawal,1226.15,pending,Stephaniechester,USD
421,3085,2023-02-23,deposit,9422.86,pending,Taylorton,EUR
422,4143,2022-12-13,deposit,507.33,completed,Smithburgh,EUR
423,7888,2022-02-23,deposit,9241.39,failed,New Mario,GBP
424,7211,2022-12-09,transfer,4332.13,failed,Natalieport,USD
425,3851,2022-03-09,deposit,7244.58,pending,New Alecton,USD
426,5930,2022-12-04,transfer,4961.77,failed,Port Clarence,GBP
427,7653,2022-04-07,withdrawal,3827.91,failed,Port Rachelstad,EUR
428,9977,2023-07-26,deposit,4267.21,completed,New Yvonne,USD
429,1006,2023-01-31,transfer,3540.08,completed,Hallshire,EUR
430,5978,2022-10-18,transfer,9083.13,failed,South Johnfort,GBP
431,5700,2022-09-16,transfer,2750.54,pending,Tanyaton,EUR
432,4443,2022-06-03,deposit,4460.67,pending,Katiechester,EUR
433,8043,2022-12-08,withdrawal,1487.17,completed,Edwardsville,USD
434,6279,2022-03-25,deposit,6141.45,failed,East Cameron,USD
435,8618,2023-08-20,transfer,6170.15,failed,Jacobmouth,GBP
436,8238,2022-05-25,withdrawal,6473.14,failed,North Debbiechester,GBP
437,8244,2022-12-25,withdrawal,4989.42,completed,Michellefort,GBP
438,4501,2022-11-14,withdrawal,8827.9,completed,Ericchester,EUR
439,9375,2023-02-06,withdrawal,4790.83,failed,Mooreberg,EUR
440,8752,2022-05-13,transfer,878.13,pending,East Brent,USD
441,3780,2022-03-28,transfer,3830.77,pending,Adamston,EUR
442,2389,2022-11-14,withdrawal,4192.93,completed,Greenville,USD
443,5649,2023-07-27,withdrawal,6426.88,pending,New Carla,EUR
444,9445,2023-01-21,withdrawal,7972.18,pending,West Tyler,GBP
445,6491,2022-12-03,withdrawal,2492.23,failed,Michellechester,USD
446,2530,2022-05-11,transfer,9940.88,failed,West Patriciaborough,GBP
447,4848,2023-06-24,withdrawal,5437.02,pending,Davidberg,GBP
448,6085,2022-04-06,withdrawal,196.28,completed,Brianville,GBP
449,4680,2023-03-10,deposit,3825.6,failed,Cannonberg,GBP
450,4262,2023-06-05,transfer,7133.99,pending,Williamsport,EUR
451,3414,2023-01-06,withdrawal,4797.36,failed,Gonzalezport,EUR
452,1400,2022-01-19,withdrawal,7814.57,failed,West Carrie,GBP
453,1757,2023-01-07,deposit,3441.0,pending,South Tiffany,GBP
454,5011,2022-11-13,withdrawal,5656.95,pending,Garciaview,GBP
455,8784,2022-07-04,withdrawal,3216.72,completed,Aguilarchester,EUR
456,2193,2022-08-08,withdrawal,2705.09,pending,West Christinehaven,EUR
457,8461,2022-12-16,deposit,261.6,failed,Kimberlyburgh,USD
458,7790,2023-05-13,transfer,5971.57,completed,South William,USD
459,4185,2022-07-16,deposit,294.01,pending,Port Travisborough,USD
460,7291,2022-08-20,transfer,8107.08,failed,Monroeside,USD
461,9099,2022-05-21,deposit,2810.05,completed,Stephaniebury,EUR
462,7547,2022-06-08,deposit,8086.73,completed,East Chad,USD
463,4997,2022-03-21,withdrawal,4717.37,completed,Andreatown,GBP
464,3417,2022-10-30,transfer,3574.97,failed,Austinberg,EUR
465,1090,2022-04-14,transfer,5840.31,failed,Adamsborough,GBP
466,2746,2023-06-04,transfer,2328.39,completed,Jeremiahfurt,EUR
467,7965,2023-07-07,transfer,1597.09,failed,Davisville,EUR
468,4585,2023-06-24,withdrawal,2479.32,completed,New Caitlin,GBP
469,3881,2022-02-08,withdrawal,2412.29,completed,Parkland,GBP
470,9486,2022-12-11,deposit,5337.36,failed,Saramouth,EUR
471,8611,2022-05-15,deposit,7912.58,failed,South Ricardo,USD
472,1822,2023-01-21,withdrawal,7370.86,completed,Kennethshire,EUR
473,5082,2022-06-07,deposit,7640.73,failed,Lisaton,USD
474,2988,2022-06-16,withdrawal,9478.08,pending,West Danny,USD
475,8478,2022-07-05,transfer,5757.35,completed,North Sandraberg,USD
476,3184,2022-06-19,deposit,9826.66,completed,Scotttown,GBP
477,8612,2023-03-25,withdrawal,3884.84,failed,Jamiemouth,USD
478,9702,2022-02-14,transfer,9352.13,failed,Collinstown,USD
479,6198,2023-02-25,transfer,9915.43,failed,Thomasshire,USD
480,8251,2023-01-09,transfer,1737.95,pending,Katherineton,EUR
481,9270,2022-09-01,withdrawal,2366.27,failed,South Ryan,EUR
482,7991,2023-03-31,withdrawal,3180.73,completed,Perryside,USD
483,9976,2022-10-19,withdrawal,7381.31,failed,Joshuastad,GBP
484,8305,2023-04-05,transfer,3588.47,failed,Huntton,EUR
485,3607,2022-08-28,transfer,5916.03,completed,Wilsontown,GBP
486,8777,2023-07-01,transfer,7034.83,completed,Johnstad,USD
487,8373,2022-09-02,withdrawal,3517.47,pending,East Alexandra,USD
488,5246,2022-11-13,withdrawal,5676.95,failed,Rodriguezfort,USD
489,5050,2023-04-26,deposit,1421.88,pending,West Kimberly,USD
490,5543,2022-07-18,transfer,9483.74,completed,South Rebekah,USD
491,9540,2023-01-12,withdrawal,8367.13,completed,Freemanchester,EUR
492,8939,2023-08-08,deposit,8104.2,completed,Port Kayla,USD
493,4919,2023-03-28,deposit,9703.91,completed,Michaelland,EUR
494,5499,2023-04-18,transfer,5421.7,completed,Lake Roy,EUR
495,8206,2022-10-16,transfer,1756.39,pending,Sarahbury,EUR
496,2269,2023-01-27,withdrawal,380.6,failed,Haysstad,EUR
497,5681,2023-05-30,deposit,562.62,completed,Burnettview,EUR
498,4841,2023-06-25,transfer,6017.03,failed,Angelaton,EUR
499,5451,2023-03-05,transfer,200.26,completed,Hamiltonberg,GBP
500,6502,2022-06-15,deposit,4780.41,pending,South Christopherview,USD
501,6238,2022-07-24,transfer,3318.01,pending,New Angela,EUR
502,9849,2022-05-22,deposit,6141.73,pending,Walkerbury,USD
503,2320,2022-09-14,deposit,8064.65,pending,West Jose,USD
504,3267,2022-02-23,transfer,3408.25,failed,Jaclynland,USD
505,3471,2023-05-08,deposit,1775.42,pending,Paulborough,EUR
506,4788,2023-01-16,deposit,8024.44,pending,East Wendyshire,EUR
507,7275,2023-07-22,withdrawal,8682.3,pending,West Ericaberg,USD
508,3503,2022-04-16,deposit,596.5,completed,Josefurt,GBP
509,4505,2023-06-13,transfer,1477.97,pending,South Rebecca,EUR
510,2052,2022-05-08,deposit,7047.26,failed,East Rebeccabury,USD
511,7797,2022-10-19,deposit,1417.38,completed,Obrienville,USD
512,7678,2022-03-27,transfer,1110.09,failed,New Nicholeland,EUR
513,6421,2022-06-14,deposit,5263.42,completed,Lake Morganstad,EUR
514,9890,2022-10-07,deposit,3649.53,failed,Port Gregory,USD
515,8633,2023-04-06,deposit,726.24,failed,Rodriguezshire,USD
516,7812,2023-06-10,transfer,7045.68,failed,Port Elizabethstad,GBP
517,2020,2022-05-31,withdrawal,6621.73,completed,Raymondland,USD
518,4388,2023-03-24,withdrawal,5860.58,failed,Port Kelly,EUR
519,7883,2022-04-04,deposit,3366.27,failed,New Laurietown,EUR
520,7381,2022-08-16,transfer,3226.71,completed,Campbellfurt,USD
521,1320,2023-04-07,transfer,9758.63,failed,Port Kendrafort,GBP
522,7232,2022-12-24,transfer,7323.79,completed,New Timothyville,USD
523,8814,2022-01-28,transfer,4369.25,pending,Port Jenna,USD
524,1096,2023-03-01,withdrawal,6393.02,failed,New Shannon,EUR
525,6763,2022-02-24,transfer,4872.51,completed,Hickschester,GBP
526,5892,2023-02-10,withdrawal,3173.52,pending,New Alisha,USD
527,7389,2023-05-30,deposit,7072.12,failed,Hancockborough,GBP
528,7865,2023-01-18,deposit,5620.21,pending,New Zachary,GBP
529,9818,2022-08-30,transfer,8896.11,failed,Lake Ashley,USD
530,9947,2023-01-31,transfer,6137.48,completed,South Jacob,EUR
531,4613,2022-03-25,withdrawal,3568.9,pending,North Christopher,EUR
532,8999,2023-01-19,deposit,6655.65,pending,West Thomasshire,GBP
533,4595,2022-08-18,deposit,8144.73,pending,Meganmouth,EUR
534,5471,2022-01-29,transfer,3784.46,pending,North Emilybury,EUR
535,8140,2022-11-23,transfer,7340.22,failed,South Cassie,USD
536,8956,2022-04-12,withdrawal,2945.88,completed,Andrewsstad,GBP
537,1475,2022-12-10,transfer,1777.91,pending,Ericksonfurt,GBP
538,7371,2022-05-30,withdrawal,18.98,completed,Gonzalezfurt,USD
539,6507,2022-05-21,deposit,7020.38,failed,New Cliffordfort,GBP
540,7624,2022-02-09,transfer,5728.78,completed,Port Christine,GBP
541,3704,2022-10-21,transfer,8507.72,completed,Derekton,GBP
542,8657,2023-04-29,transfer,7708.53,failed,Hallside,USD
543,3091,2022-05-23,withdrawal,5675.26,pending,West Rhonda,EUR
544,9751,2023-04-26,deposit,1821.64,failed,New Steve,EUR
545,1441,2023-04-05,deposit,3182.85,pending,East Johnny,GBP
546,7455,2022-01-06,deposit,8088.26,failed,Ericstad,EUR
547,1444,2022-03-23,transfer,6114.2,completed,Morrisstad,USD
548,2375,2022-01-20,deposit,6396.83,pending,Port Joseph,EUR
549,8022,2022-09-20,deposit,1042.0,failed,Kathleenmouth,USD
550,3223,2022-08-09,deposit,4962.35,failed,Christopherside,GBP
551,8564,2022-06-03,transfer,3312.35,failed,Barbaraville,USD
552,3977,2023-07-16,transfer,778.99,pending,Zamoraland,USD
553,1823,2023-06-25,withdrawal,3468.75,completed,West Markshire,USD
554,5262,2023-03-10,withdrawal,3195.87,failed,Port Lindseychester,GBP
555,7211,2022-04-24,withdrawal,6362.23,failed,South Josefurt,EUR
556,6363,2022-10-23,withdrawal,9630.83,completed,Samanthaburgh,EUR
557,4467,2022-09-01,deposit,8216.8,completed,East Gina,USD
558,8449,2022-11-05,withdrawal,6700.58,completed,Frenchside,USD
559,6355,2022-05-05,withdrawal,7293.13,completed,Walkerfort,EUR
560,6529,2022-02-18,withdrawal,3358.16,failed,Lake Cynthiafurt,GBP
561,7211,2022-09-02,transfer,114.94,failed,East Lauren,USD
562,5558,2023-03-06,deposit,2097.63,pending,Brittanyport,EUR
563,7906,2023-04-14,transfer,6932.07,failed,Barnesshire,USD
564,5133,2022-03-06,deposit,3505.46,failed,North Brett,USD
565,2341,2022-04-24,withdrawal,7870.41,completed,East Davidton,USD
566,8705,2023-05-27,transfer,7204.42,pending,South Christopher,GBP
567,1317,2023-07-03,deposit,482.43,completed,Angelfort,GBP
568,9837,2022-01-17,transfer,4382.76,failed,Mcclurechester,EUR
569,1853,2023-06-12,transfer,4197.11,failed,West Williamfurt,GBP
570,6733,2023-08-12,deposit,1664.22,failed,Gonzalezland,GBP
571,4673,2022-09-05,deposit,4140.78,pending,Zacharyburgh,USD
572,2124,2022-05-28,withdrawal,8817.82,completed,Tinastad,EUR
573,1659,2022-10-26,withdrawal,3512.96,pending,Bryantborough,USD
574,1508,2023-03-16,withdrawal,3754.1,failed,North Wayneton,USD
575,5051,2022-01-02,transfer,8288.24,failed,Ericview,USD
576,4266,2022-12-28,withdrawal,7887.51,completed,Dixonside,EUR
577,1333,2022-09-04,deposit,5780.98,completed,Davidfort,USD
578,3496,2023-08-08,transfer,7582.68,completed,Michaeltown,GBP
579,4908,2023-03-03,deposit,2256.6,completed,Hernandezfort,GBP
580,3068,2022-07-11,transfer,4513.42,failed,Port Luisstad,EUR
581,8758,2022-03-29,deposit,7992.15,pending,Harrisberg,GBP
582,2874,2023-06-21,deposit,335.09,completed,Andrewsview,USD
583,4571,2023-01-05,withdrawal,201.76,completed,Michaelland,USD
584,8619,2022-03-11,withdrawal,2612.02,completed,Port Michaelborough,EUR
585,5198,2023-06-23,transfer,1048.15,failed,South John,GBP
586,7043,2023-07-12,withdrawal,3418.74,failed,East Zachary,USD
587,3749,2023-06-04,transfer,8879.42,completed,Williamsstad,GBP
588,2876,2023-06-04,deposit,1609.88,failed,Kiddbury,GBP
589,3683,2023-07-22,transfer,750.95,pending,West Barbarabury,USD
590,6096,2022-01-21,deposit,9418.4,failed,Rodriguezside,USD
591,2771,2023-02-04,deposit,9780.44,failed,Brittanyview,EUR
592,1420,2023-04-27,deposit,3380.17,completed,Rayside,USD
593,6111,2022-02-14,transfer,9852.78,pending,Port Deborahfurt,EUR
594,7149,2023-02-01,transfer,8932.37,failed,Jacksonport,GBP
595,7498,2023-01-18,withdrawal,7045.34,completed,Oliviahaven,GBP
596,4249,2022-09-17,withdrawal,4313.8,pending,New Rebecca,EUR
597,2245,2022-01-17,deposit,6536.7,completed,North Lauraton,EUR
598,4978,2023-01-01,deposit,6073.57,completed,East Traci,GBP
599,2669,2022-03-11,transfer,4342.57,failed,Michelleport,USD
600,5941,2022-12-20,withdrawal,536.5,failed,Lake Karenstad,USD
601,2983,2022-09-04,transfer,3311.61,pending,Lake Stephaniefurt,GBP
602,1672,2022-04-17,transfer,9744.01,pending,South Jamesland,EUR
603,6688,2023-08-19,transfer,4093.39,pending,Port Nicole,EUR
604,9728,2022-12-07,deposit,5541.57,completed,Williamsberg,GBP
605,8018,2022-05-17,deposit,9255.81,failed,Perkinsview,USD
606,7071,2022-02-15,withdrawal,5401.71,failed,Hancockberg,EUR
607,2129,2022-12-27,deposit,6606.32,completed,West Stevenland,USD
608,9289,2023-07-14,deposit,2974.71,completed,New Joelburgh,EUR
609,6590,2022-12-13,transfer,960.06,pending,Julieborough,GBP
610,1207,2022-06-29,deposit,3929.63,failed,Jefferyland,EUR
611,7882,2023-04-21,transfer,5497.08,completed,West Kristinaborough,GBP
612,9031,2023-05-06,withdrawal,4909.99,completed,Danielleburgh,EUR
613,2729,2022-07-06,deposit,545.99,pending,Schwartzmouth,GBP
614,8102,2022-05-19,withdrawal,39.15,pending,Port Joel,GBP
615,6934,2022-03-06,deposit,877.2,pending,South Gregory,EUR
616,8532,2023-04-14,transfer,8239.15,pending,New Christopher,USD
617,3506,2022-02-07,deposit,6251.28,failed,West Sarah,GBP
618,8135,2022-10-28,transfer,4803.8,failed,Brandonmouth,USD
619,3885,2022-07-26,withdrawal,970.77,pending,West Bradleychester,GBP
620,9548,2022-02-14,transfer,2070.32,failed,Lake Caitlinmouth,EUR
621,5425,2022-07-24,transfer,6382.27,failed,Lisaside,EUR
622,9817,2022-02-12,withdrawal,9770.6,completed,Benjaminfort,GBP
623,8921,2022-11-20,withdrawal,4736.23,failed,North Derekside,EUR
624,8616,2022-11-14,transfer,1155.97,failed,North Robertstad,EUR
625,8136,2023-06-12,deposit,7848.98,pending,Leeview,GBP
626,5397,2023-02-12,transfer,4709.97,pending,South Kellychester,GBP
627,6280,2023-07-11,transfer,8948.88,pending,Jenningsport,USD
628,5022,2023-04-30,deposit,2650.78,completed,West Edwardside,USD
629,2419,2022-09-17,transfer,6419.02,completed,North Michael,GBP
630,5569,2022-02-07,transfer,3875.88,pending,Lisafort,USD
631,8385,2022-07-15,withdrawal,3710.83,completed,Jessicabury,EUR
632,4995,2022-10-20,deposit,3815.07,completed,Port Douglaschester,EUR
633,8613,2023-01-01,deposit,1866.64,failed,West Jeffrey,EUR
634,7209,2022-02-18,withdrawal,447.12,failed,Christopherborough,GBP
635,6511,2022-12-06,deposit,4397.96,failed,Rodriguezview,EUR
636,1470,2022-10-07,deposit,2634.74,pending,East Austinview,EUR
637,9098,2022-05-08,withdrawal,8370.95,pending,Kellychester,USD
638,6325,2023-01-12,transfer,5642.9,pending,Jacobsonhaven,GBP
639,3979,2023-03-24,transfer,1512.16,completed,New Melissafurt,GBP
640,8988,2023-02-14,transfer,6965.01,failed,Barbaraside,EUR
641,4475,2023-03-27,withdrawal,967.93,failed,Curtisside,GBP
642,6813,2023-01-31,withdrawal,6681.74,pending,East Joshuabury,USD
643,5232,2022-12-14,deposit,8081.99,pending,Davidton,USD
644,6576,2022-07-11,transfer,4140.45,pending,Wardshire,GBP
645,5581,2023-05-24,withdrawal,7564.81,pending,Port Megan,EUR
646,5526,2023-05-25,withdrawal,2275.9,pending,East Rebecca,GBP
647,1166,2023-01-12,withdrawal,610.78,pending,North Danaside,USD
648,9464,2023-06-16,deposit,3871.67,pending,South Melissatown,EUR
649,4130,2022-10-01,withdrawal,5226.3,failed,West Jennifer,GBP
650,2402,2022-03-26,transfer,9656.31,completed,North Michaelborough,USD
651,4954,2023-03-11,withdrawal,6870.99,completed,Myersborough,GBP
652,7658,2022-03-22,withdrawal,9363.68,failed,Perryhaven,GBP
653,9004,2023-03-17,deposit,5727.57,failed,North Evanfort,EUR
654,4937,2022-07-04,transfer,2357.18,completed,North Jeremy,USD
655,8800,2023-07-13,transfer,2989.22,pending,Lake Ricardo,GBP
656,9041,2022-10-28,transfer,3948.65,completed,West Stacyville,GBP
657,8342,2022-11-25,withdrawal,8539.54,failed,South Elizabethchester,EUR
658,1282,2022-04-16,deposit,348.25,completed,Stephensonfort,GBP
659,2524,2022-03-23,transfer,5712.63,pending,Jamiebury,USD
660,5820,2022-12-02,withdrawal,5168.66,failed,East Brenda,GBP
661,4630,2022-10-30,deposit,5715.28,failed,East Dominique,EUR
662,7625,2022-11-10,transfer,9827.56,completed,Danielborough,EUR
663,4986,2023-04-02,deposit,1475.33,failed,Westmouth,EUR
664,6016,2023-03-13,deposit,9492.6,completed,Lake Abigail,GBP
665,7046,2022-06-20,withdrawal,4490.95,completed,Reyeston,EUR
666,8753,2023-03-31,deposit,9490.67,failed,East Matthew,USD
667,9698,2022-12-26,withdrawal,1672.48,failed,Hintonfort,USD
668,6632,2023-04-03,transfer,2119.69,completed,Spencerborough,GBP
669,7971,2022-02-13,transfer,1928.07,failed,Griffithfort,GBP
670,6419,2022-12-28,deposit,427.72,failed,Conleyhaven,USD
671,6764,2023-03-22,transfer,784.61,pending,Gonzaleschester,USD
672,8434,2022-10-09,withdrawal,6831.57,failed,Lake Jeremyfurt,USD
673,5438,2022-02-28,withdrawal,2019.99,completed,Dannyland,USD
674,6023,2022-03-18,withdrawal,8225.82,completed,Matthewchester,USD
675,5118,2023-02-20,deposit,1479.63,failed,Jacksonton,USD
676,4777,2023-01-08,deposit,5950.88,pending,Michaelchester,USD
677,2976,2023-06-10,deposit,3198.18,failed,West Debbie,EUR
678,4155,2022-06-13,withdrawal,7271.3,failed,East Janicetown,USD
679,6169,2022-02-01,withdrawal,8073.63,pending,Yvettemouth,USD
680,2958,2022-05-27,withdrawal,871.19,failed,East Elizabeth,USD
681,9779,2023-03-25,withdrawal,5564.09,completed,Justinside,GBP
682,4033,2022-02-05,deposit,5520.99,pending,Justinchester,GBP
683,4138,2022-05-10,deposit,8566.39,pending,Aprilbury,EUR
684,4545,2022-03-10,deposit,5197.36,completed,Jonesside,GBP
685,8933,2022-08-30,deposit,9171.7,failed,Port Angela,EUR
686,5530,2023-01-11,withdrawal,124.63,failed,Sandersland,GBP
687,9595,2023-01-06,withdrawal,7004.42,pending,East Christiantown,GBP
688,5636,2023-01-28,transfer,5876.17,completed,Chandlerborough,GBP
689,2647,2023-08-04,transfer,7817.07,pending,New Jillmouth,GBP
690,4180,2022-02-03,transfer,1126.08,failed,Lake Anthonyshire,EUR
691,5853,2022-06-07,withdrawal,1497.27,failed,Hamiltonmouth,USD
692,4727,2023-04-06,deposit,5666.37,completed,Chadport,EUR
693,6912,2023-01-15,deposit,5827.19,pending,Jasminburgh,USD
694,3939,2023-01-16,deposit,9648.35,pending,North Christopher,GBP
695,5952,2023-03-31,withdrawal,1002.94,failed,South William,GBP
696,1231,2022-03-20,transfer,1057.24,completed,Davisshire,USD
697,9751,2023-08-11,deposit,7795.67,failed,Lake Jasonport,USD
698,3073,2022-05-21,transfer,7857.67,completed,West Jacob,USD
699,5494,2023-06-27,transfer,8674.89,failed,Welchstad,GBP
700,1745,2023-01-11,withdrawal,8801.48,failed,New Fernando,EUR
701,1893,2023-02-12,withdrawal,8779.06,completed,Wilkinsonmouth,USD
702,5786,2022-11-18,deposit,2642.1,failed,East Shannonhaven,EUR
703,3068,2022-10-13,withdrawal,6548.22,completed,Robinsontown,GBP
704,9042,2022-09-13,withdrawal,5720.66,pending,Joshuaborough,USD
705,2680,2022-04-27,withdrawal,4730.99,completed,New Barbarafurt,EUR
706,1200,2022-01-27,deposit,1722.83,completed,Brendaville,GBP
707,5658,2022-07-10,transfer,4030.34,failed,East James,GBP
708,8690,2023-05-27,transfer,6182.83,failed,Lake Sharon,EUR
709,8843,2023-06-15,deposit,6808.45,failed,South Kathy,EUR
710,8216,2023-02-01,transfer,4017.8,completed,Contrerasmouth,GBP
711,6582,2023-07-30,transfer,3958.53,failed,Lake Gary,USD
712,4020,2022-05-01,deposit,8789.7,failed,Harrisshire,GBP
713,1841,2022-09-26,transfer,6905.45,pending,New Josephberg,EUR
714,5136,2022-09-24,withdrawal,493.86,pending,Lake Dana,GBP
715,8827,2023-04-02,deposit,4752.71,completed,Staceybury,USD
716,2869,2022-08-08,deposit,2686.57,completed,Wrightview,GBP
717,2070,2022-10-20,withdrawal,3725.03,pending,Lindaborough,USD
718,7565,2023-05-18,withdrawal,3379.32,completed,Melanieberg,EUR
719,9056,2022-07-24,withdrawal,7936.73,completed,North Derek,USD
720,2213,2022-05-06,withdrawal,3110.18,pending,West Natasha,USD
721,1878,2022-05-19,deposit,8428.62,pending,Lake Ericberg,GBP
722,3485,2022-03-17,deposit,8582.49,completed,Valenzuelamouth,USD
723,3444,2023-04-08,deposit,6848.84,completed,Port Carolineside,USD
724,5978,2022-06-26,withdrawal,9724.99,failed,Morrisonchester,GBP
725,2395,2023-04-01,withdrawal,2280.35,completed,West Daniel,USD
726,5066,2022-03-31,withdrawal,3005.5,failed,West Marieville,GBP
727,2940,2022-11-24,withdrawal,7437.49,pending,Port Matthew,EUR
728,7818,2022-12-22,withdrawal,7740.53,pending,Lake Andrewmouth,USD
729,4697,2022-03-08,deposit,3209.36,pending,Mariahstad,USD
730,9561,2023-07-18,withdrawal,7288.27,pending,New Gavin,GBP
731,7232,2023-07-10,withdrawal,6050.19,completed,Mendozaland,GBP
732,8381,2022-10-25,deposit,893.78,completed,Steinport,USD
733,8253,2022-11-04,transfer,4417.72,failed,Shawnfort,GBP
734,5871,2022-06-11,transfer,9134.41,pending,Burnshaven,GBP
735,8025,2022-06-28,withdrawal,4072.3,completed,Schroederberg,USD
736,6003,2023-01-06,transfer,4845.12,failed,Riceberg,GBP
737,1986,2023-06-05,transfer,5165.5,failed,Bryanport,GBP
738,2625,2022-08-18,deposit,3739.73,failed,North Kristina,GBP
739,4404,2022-05-05,withdrawal,563.0,pending,Lukeberg,EUR
740,4457,2022-07-25,deposit,7915.11,failed,East Jasmine,GBP
741,5335,2022-05-23,deposit,657.1,pending,Colleenbury,USD
742,2330,2022-08-31,withdrawal,7095.98,failed,Deborahville,GBP
743,3573,2023-05-21,deposit,4034.45,failed,East Robertton,GBP
744,4929,2022-01-27,withdrawal,7805.38,failed,East Kelly,EUR
745,3847,2023-01-05,withdrawal,5243.34,completed,West Bonnie,GBP
746,2229,2023-07-22,transfer,5687.15,pending,Port Isaiah,EUR
747,3564,2023-08-10,withdrawal,1738.2,failed,East Howardstad,GBP
748,1043,2023-01-13,withdrawal,8751.93,pending,Smithbury,GBP
749,7693,2023-04-24,withdrawal,2008.07,pending,Armstrongfurt,EUR
750,8381,2023-07-19,withdrawal,577.22,failed,Port Robert,USD
751,8699,2022-05-13,withdrawal,331.68,failed,New Glen,USD
752,5771,2022-03-30,transfer,506.54,completed,East Mariaburgh,USD
753,1534,2022-03-09,transfer,3604.39,failed,Hartshire,GBP
754,4792,2022-11-13,deposit,1991.9,pending,New Philip,EUR
755,5720,2023-02-12,withdrawal,3684.15,pending,New Noah,GBP
756,5632,2023-05-06,withdrawal,4642.72,completed,Jenniferchester,EUR
757,8438,2023-06-23,transfer,3970.03,failed,Brittanymouth,GBP
758,2166,2023-02-25,transfer,9230.81,pending,Port Shane,USD
759,4824,2023-02-24,deposit,6812.06,pending,South Anna,GBP
760,5334,2023-08-12,withdrawal,2420.14,pending,Pamelaville,GBP
761,4241,2022-03-17,withdrawal,4888.38,pending,East Jennifer,EUR
762,7965,2022-05-09,deposit,4461.59,pending,Lake Paulton,EUR
763,2880,2022-11-21,withdrawal,9605.24,failed,South Jaredbury,EUR
764,9922,2022-03-17,withdrawal,4746.35,completed,Reedport,GBP
765,4683,2023-04-06,withdrawal,5513.79,failed,South Brady,EUR
766,3441,2023-04-23,transfer,3443.15,completed,West Christinaton,EUR
767,5352,2023-06-14,transfer,8376.7,pending,Port Matthewview,EUR
768,3330,2022-12-19,transfer,2587.34,completed,Lake Nicole,GBP
769,2169,2022-05-12,withdrawal,8308.87,completed,New Allen,EUR
770,1977,2023-07-19,transfer,904.83,completed,Steelefurt,GBP
771,3718,2023-08-25,deposit,275.48,failed,East Helenmouth,EUR
772,6039,2022-07-06,withdrawal,497.46,failed,South Michael,GBP
773,5728,2022-05-13,withdrawal,8538.36,pending,Hodgetown,USD
774,8195,2023-03-20,withdrawal,7798.52,completed,North Pamelaberg,GBP
775,3037,2023-05-30,withdrawal,2143.97,completed,East Josestad,GBP
776,8679,2022-02-26,withdrawal,2214.29,completed,Lake Edwardtown,USD
777,5982,2022-05-08,deposit,2251.9,completed,South Jacob,EUR
778,7594,2023-06-15,transfer,2068.1,pending,Kimside,GBP
779,5460,2022-06-06,deposit,6516.22,failed,Cortezfurt,GBP
780,9199,2022-11-08,transfer,5133.3,failed,Joseview,EUR
781,9847,2022-06-18,transfer,8646.43,completed,North Lori,EUR
782,9090,2022-06-15,deposit,9671.42,failed,Norrisfort,EUR
783,8172,2022-11-27,transfer,6822.32,completed,West Phyllis,EUR
784,2317,2022-08-19,transfer,4741.5,pending,Clarkberg,EUR
785,1653,2022-12-21,deposit,1324.01,pending,South Ronaldview,USD
786,8078,2023-06-16,transfer,1732.83,failed,Lake Patricia,GBP
787,6280,2022-10-18,withdrawal,8008.85,completed,Sharimouth,USD
788,5102,2022-03-22,transfer,2238.48,pending,West Samuelburgh,EUR
789,1423,2022-09-14,deposit,6083.83,failed,Lake Sean,GBP
790,2496,2022-07-21,withdrawal,9430.11,pending,Lozanohaven,USD
791,4750,2023-07-19,withdrawal,7127.69,pending,Kevinfort,GBP
792,1339,2022-10-09,transfer,7093.97,completed,Corybury,USD
793,5415,2022-05-09,deposit,2754.51,failed,Lake Rachel,EUR
794,1659,2022-11-07,withdrawal,8954.93,completed,Brittanychester,USD
795,3870,2023-07-01,transfer,8516.01,failed,West Tiffany,EUR
796,8708,2022-04-06,withdrawal,4590.52,pending,Timothyside,USD
797,9502,2023-05-30,deposit,2182.87,completed,Loveland,USD
798,8245,2022-06-22,transfer,3022.15,completed,Lake Taylor,EUR
799,5557,2023-08-18,withdrawal,5206.86,completed,Mikeland,USD
800,3973,2022-06-07,deposit,6236.44,completed,Strongville,GBP
801,8141,2022-06-25,withdrawal,5845.29,failed,South Garyfurt,EUR
802,9056,2022-12-12,transfer,74.47,failed,Kerryfort,GBP
803,2494,2023-08-01,deposit,9994.29,completed,North Russellland,GBP
804,8700,2022-02-12,transfer,9664.89,completed,Roweton,GBP
805,6700,2022-01-30,withdrawal,8393.94,failed,Jacksonport,GBP
806,7690,2022-03-25,withdrawal,5615.01,failed,Brianstad,GBP
807,6460,2022-02-16,deposit,5938.13,completed,Nicoleland,USD
808,6260,2023-08-14,withdrawal,2827.49,failed,East Sara,USD
809,2713,2022-09-29,transfer,6844.45,completed,Obrienfurt,USD
810,3634,2022-08-04,withdrawal,4817.9,completed,West Michaelhaven,EUR
811,6403,2023-08-09,transfer,3363.5,completed,Baileybury,EUR
812,7744,2023-03-03,withdrawal,2765.56,pending,New Christopherton,USD
813,9117,2022-02-01,transfer,3252.05,completed,Port Michaelberg,USD
814,5722,2023-05-25,transfer,2769.57,failed,Austinview,EUR
815,7561,2023-07-13,transfer,6561.54,pending,North Amyland,EUR
816,1601,2022-10-24,withdrawal,9521.93,failed,West Abigail,GBP
817,8451,2022-11-06,transfer,6515.01,failed,East Amber,USD
818,2442,2023-05-10,deposit,1884.41,failed,Coleport,USD
819,6153,2022-09-08,withdrawal,5173.42,completed,North Katherine,EUR
820,5135,2023-02-20,transfer,2403.78,failed,North Derek,EUR
821,6296,2022-11-01,transfer,568.69,failed,North Devintown,USD
822,2899,2023-04-10,transfer,8573.3,failed,Lake Daniel,GBP
823,7622,2022-03-16,transfer,8100.48,pending,Brittanyside,EUR
824,9431,2022-03-03,deposit,4041.58,completed,Whiteland,GBP
825,1018,2022-06-11,deposit,3196.54,completed,Baileyland,USD
826,9889,2023-03-27,deposit,1400.16,pending,Westville,GBP
827,8569,2023-03-02,transfer,255.53,failed,North Stephanie,USD
828,7770,2023-05-11,transfer,4974.23,pending,New Samantha,GBP
829,1888,2023-04-21,withdrawal,2956.75,pending,New Jamesborough,EUR
830,4073,2022-07-28,deposit,9069.21,completed,Lake Davidborough,EUR
831,9494,2022-12-15,transfer,4046.58,completed,Roberthaven,USD
832,6927,2022-05-28,transfer,7367.58,pending,North Jimside,EUR
833,9167,2022-11-17,deposit,5830.65,failed,Port Derrickmouth,GBP
834,8242,2022-11-23,transfer,9947.54,completed,Nguyentown,GBP
835,1845,2022-12-20,transfer,8160.33,failed,Lake Max,GBP
836,4335,2023-02-13,transfer,3432.33,completed,South Jasmineville,USD
837,5375,2022-05-14,transfer,7133.98,failed,East Madison,GBP
838,9998,2023-01-15,withdrawal,6863.49,failed,Christinabury,GBP
839,3146,2023-06-12,withdrawal,6383.5,failed,Lake Kenneth,EUR
840,5719,2023-07-30,withdrawal,4757.88,pending,Mcdonaldshire,USD
841,8178,2022-04-19,deposit,9406.74,completed,Port Jeffery,GBP
842,8941,2022-11-23,deposit,3585.61,failed,East Veronica,GBP
843,2989,2022-09-05,deposit,3002.65,failed,Laurachester,EUR
844,1472,2023-04-23,withdrawal,1700.7,pending,Kellyport,USD
845,4920,2022-05-06,deposit,6576.49,pending,Steinville,USD
846,3594,2022-10-01,transfer,5582.92,failed,Lake Kristina,EUR
847,6091,2023-04-06,transfer,2938.55,failed,Carolinetown,EUR
848,1224,2022-09-11,transfer,4708.34,completed,Michelleville,EUR
849,7684,2022-05-25,transfer,7409.45,completed,Port Robertville,EUR
850,2527,2022-04-10,transfer,7252.14,pending,Stephensonbury,USD
851,4681,2022-02-21,transfer,5590.76,pending,New Katherine,USD
852,2858,2022-10-25,transfer,9126.34,completed,Port Valerie,GBP
853,8560,2023-01-29,deposit,9469.29,completed,Port Christina,GBP
854,2924,2023-03-05,withdrawal,8996.01,completed,South Sarah,GBP
855,3522,2022-09-12,withdrawal,6544.69,completed,South Ashlee,USD
856,9165,2022-06-13,withdrawal,2223.31,failed,New Amytown,GBP
857,5781,2022-12-02,withdrawal,2234.06,failed,Olivermouth,GBP
858,9337,2023-08-15,transfer,8714.45,failed,Port Anthony,EUR
859,5479,2022-11-17,transfer,4205.31,pending,Port Jamesview,USD
860,7807,2022-07-14,transfer,8868.55,completed,Tannerstad,EUR
861,8905,2022-06-13,transfer,3717.45,failed,Matthewland,GBP
862,8736,2023-05-26,deposit,5856.12,completed,Grayfurt,USD
863,4993,2023-06-12,withdrawal,4638.14,completed,East Cheryl,EUR
864,8483,2023-04-24,deposit,1178.7,pending,South Albertberg,GBP
865,3369,2023-05-26,withdrawal,537.72,failed,Lake Paul,GBP
866,7284,2022-11-12,deposit,6344.33,failed,South Eric,USD
867,4122,2023-05-25,withdrawal,5803.55,completed,Rushmouth,EUR
868,9327,2022-01-24,withdrawal,6206.93,failed,Codystad,GBP
869,3236,2022-04-03,deposit,4722.72,failed,New Rachaelton,GBP
870,2143,2023-02-07,deposit,1946.24,completed,North Michaelburgh,USD
871,5526,2023-06-02,transfer,1199.04,completed,Port Michael,USD
872,7798,2023-04-14,deposit,6807.3,pending,South Jessica,USD
873,6568,2022-09-04,withdrawal,5298.86,failed,Port Jameston,GBP
874,9318,2022-08-09,withdrawal,4131.66,completed,Port Hectorfort,GBP
875,5377,2023-08-21,withdrawal,8708.62,failed,Melissashire,EUR
876,1042,2022-12-28,withdrawal,1508.63,failed,New Ryan,EUR
877,5634,2022-02-19,deposit,9923.49,completed,Tracishire,GBP
878,5891,2022-02-21,transfer,3427.36,failed,New Vanessamouth,GBP
879,9022,2022-10-16,withdrawal,9871.93,failed,East Isabellatown,GBP
880,3434,2023-05-22,withdrawal,8928.56,pending,Port Brandonland,USD
881,8316,2023-04-27,withdrawal,9866.51,failed,Sanchezchester,USD
882,9824,2022-10-20,deposit,1433.1,pending,North Tanya,EUR
883,8935,2023-07-04,withdrawal,8624.08,pending,North Andrea,EUR
884,6654,2022-01-09,transfer,1804.39,completed,West Christopherberg,EUR
885,6446,2022-04-21,transfer,809.03,failed,South Adamberg,USD
886,9903,2023-03-18,withdrawal,3326.96,failed,Benjaminmouth,USD
887,7180,2022-05-18,withdrawal,9866.42,pending,Byrdburgh,EUR
888,8460,2022-09-28,deposit,3134.83,completed,Barrfurt,USD
889,6272,2023-01-10,withdrawal,581.08,pending,Michaelfurt,EUR
890,4090,2023-02-17,deposit,4521.08,pending,Paulland,GBP
891,4912,2023-01-10,transfer,2094.61,pending,East Melissastad,GBP
892,7274,2022-02-16,deposit,7735.65,failed,West Louis,USD
893,4826,2023-02-15,deposit,5763.21,failed,Andrewmouth,GBP
894,7730,2022-02-22,withdrawal,1585.19,failed,Johnnyview,EUR
895,1715,2023-08-07,transfer,7852.32,failed,West Daniel,EUR
896,6213,2023-07-30,deposit,7797.74,completed,Anthonychester,USD
897,8749,2022-07-19,transfer,1294.93,pending,New Dianaland,EUR
898,7246,2023-01-07,deposit,4337.68,completed,South Eric,GBP
899,7325,2023-07-21,transfer,4294.67,pending,South Michelle,EUR
900,3492,2022-10-23,deposit,4290.83,pending,Port Wandastad,GBP
901,9115,2022-03-17,transfer,4774.53,completed,Lake Paulabury,USD
902,1606,2023-01-31,deposit,47.69,completed,Sarahtown,USD
903,3068,2023-06-01,transfer,5338.29,pending,Hallberg,EUR
904,9229,2023-04-07,deposit,7306.86,failed,Scottton,GBP
905,6439,2023-07-18,withdrawal,9500.74,failed,South Lukeborough,USD
906,2644,2022-10-14,transfer,8920.17,pending,East Stephenfurt,EUR
907,8213,2022-05-02,withdrawal,7568.72,pending,Port Walter,EUR
908,2633,2022-05-12,withdrawal,5310.81,completed,Diazborough,GBP
909,9617,2022-04-10,deposit,180.14,completed,New Annette,GBP
910,8486,2023-02-08,withdrawal,42.23,failed,Jamesfort,USD
911,1251,2023-01-18,transfer,7336.3,failed,Harrisburgh,GBP
912,3361,2022-12-14,deposit,2263.43,completed,Davisstad,GBP
913,7717,2023-07-26,deposit,8769.97,failed,Zacharyberg,GBP
914,3529,2023-01-10,transfer,3121.61,failed,Riverafort,GBP
915,2225,2022-05-28,transfer,1027.98,completed,Singhtown,USD
916,8692,2022-07-23,withdrawal,5033.86,failed,East Leeberg,USD
917,5342,2023-06-06,withdrawal,3061.84,completed,West David,USD
918,6546,2023-02-16,deposit,653.8,pending,East Brandy,EUR
919,7512,2023-05-28,transfer,458.14,failed,Port Markton,EUR
920,2315,2022-02-11,transfer,9484.69,completed,North Gina,EUR
921,6383,2022-02-16,deposit,4559.81,failed,Jeremiahhaven,GBP
922,9742,2022-02-09,withdrawal,5203.36,pending,Amandastad,GBP
923,7226,2022-05-21,transfer,5241.65,pending,Johnsonfurt,USD
924,6188,2022-12-08,withdrawal,4337.22,pending,Port Johnnyhaven,USD
925,8994,2023-05-01,withdrawal,6868.11,completed,New Aarontown,GBP
926,9864,2023-06-16,deposit,1338.76,completed,South Brenda,EUR
927,1588,2023-04-13,transfer,9961.39,pending,Fordton,EUR
928,2121,2022-06-02,deposit,4902.3,failed,Mikeburgh,EUR
929,4846,2023-06-12,deposit,7501.41,failed,South Michael,EUR
930,5708,2022-05-24,withdrawal,1649.67,pending,Port Terryview,USD
931,4727,2022-12-02,transfer,9069.04,pending,North Juliechester,EUR
932,2480,2022-11-23,deposit,8120.27,failed,Nicolefurt,EUR
933,8110,2022-06-16,transfer,192.23,pending,Weberside,GBP
934,2612,2023-02-07,deposit,2243.99,failed,Lake Maria,GBP
935,2646,2022-11-03,transfer,9848.81,pending,South Sara,USD
936,8269,2022-12-11,deposit,2112.69,failed,North Joanna,EUR
937,3725,2023-06-04,withdrawal,220.11,pending,West Pamela,USD
938,5906,2023-06-06,withdrawal,5046.83,failed,North Joshua,EUR
939,1474,2023-06-30,deposit,1232.5,pending,Lake Todd,GBP
940,1753,2023-05-17,withdrawal,7111.39,completed,Butlerburgh,EUR
941,6314,2023-07-31,deposit,7921.48,pending,Lake Marcusmouth,GBP
942,1919,2022-11-03,withdrawal,3752.55,failed,Stantonland,USD
943,5806,2023-05-02,transfer,6403.57,failed,New Sheriberg,EUR
944,6873,2022-01-18,withdrawal,7712.73,pending,Grayhaven,USD
945,7141,2023-01-13,transfer,6231.72,completed,Virginiashire,USD
946,8056,2022-12-06,transfer,5939.65,pending,Lopezfurt,USD
947,3385,2022-04-23,withdrawal,480.56,failed,New Shawn,GBP
948,5000,2023-03-03,transfer,1082.03,failed,Erikaside,EUR
949,9702,2023-08-21,withdrawal,8361.36,pending,New Johnville,USD
950,7751,2022-11-12,transfer,483.3,pending,Lisastad,GBP
951,3950,2022-01-28,withdrawal,1158.78,pending,Port Sylvia,USD
952,3785,2023-05-01,transfer,4443.7,failed,North William,USD
953,3868,2022-09-29,deposit,1236.83,pending,Reneemouth,GBP
954,2293,2023-08-16,withdrawal,2528.13,failed,Timothychester,USD
955,7267,2023-08-15,withdrawal,7018.98,pending,West Matthewstad,USD
956,4945,2022-08-22,withdrawal,2055.74,failed,East Patricia,GBP
957,9153,2022-02-22,transfer,6857.71,completed,East Jeremyland,USD
958,3344,2023-08-21,deposit,94.04,failed,South Ethan,EUR
959,4804,2023-05-07,transfer,4209.29,completed,East Michele,USD
960,8555,2022-06-24,transfer,1010.7,failed,Lindseyfort,EUR
961,5161,2023-06-21,withdrawal,5203.57,completed,Margarethaven,GBP
962,8529,2023-01-25,transfer,6228.35,pending,Sandrafort,USD
963,5183,2022-06-01,transfer,7007.56,failed,North Ashley,EUR
964,1153,2022-09-06,deposit,4188.84,completed,South Jennifer,EUR
965,8622,2022-02-02,transfer,8986.32,completed,Port Mark,EUR
966,5712,2023-08-10,deposit,5116.34,completed,Garyfort,USD
967,9955,2022-04-23,withdrawal,6177.36,failed,East Megan,EUR
968,3588,2022-07-15,deposit,2827.78,pending,Leeview,USD
969,2210,2022-01-20,deposit,7847.82,pending,New Jamesmouth,GBP
970,8237,2023-03-28,withdrawal,4977.89,failed,South Rubenshire,GBP
971,6661,2022-11-18,deposit,6090.41,failed,Charlotteland,USD
972,5901,2023-03-05,deposit,7779.81,failed,Lake Leslieport,USD
973,7951,2022-06-05,withdrawal,8315.16,failed,Murphybury,GBP
974,5097,2023-02-27,transfer,9731.22,failed,Frankberg,GBP
975,8484,2022-07-28,deposit,3579.86,completed,Lake Geoffreyberg,EUR
976,5949,2023-02-25,transfer,4098.15,completed,Lake Mikaylafort,GBP
977,4263,2023-05-29,withdrawal,1604.58,pending,New Derek,EUR
978,7302,2023-04-28,withdrawal,5481.84,failed,South Cindyshire,GBP
979,8916,2022-03-05,transfer,9103.66,completed,Randyborough,GBP
980,2747,2022-05-22,deposit,6882.35,completed,West Alexandraborough,USD
981,4886,2023-06-16,transfer,4807.16,completed,East Claudia,GBP
982,7248,2022-08-01,withdrawal,2345.82,pending,Scottmouth,GBP
983,6881,2023-07-29,withdrawal,128.48,failed,New Grantport,GBP
984,5847,2022-11-29,deposit,890.94,pending,West Donnaside,USD
985,5837,2023-05-05,withdrawal,1105.2,completed,North Stephanieton,EUR
986,1359,2023-06-23,transfer,5741.95,completed,New Bryce,GBP
987,7484,2023-01-21,transfer,4941.55,pending,North Ashley,GBP
988,5497,2022-11-18,transfer,9494.51,completed,Davidmouth,GBP
989,1132,2022-06-27,transfer,7795.48,pending,North Laurafurt,USD
990,1803,2023-04-16,deposit,751.41,completed,Coxburgh,EUR
991,9138,2023-06-30,transfer,7236.04,failed,Brockhaven,USD
992,5689,2022-12-17,deposit,9047.89,completed,Littlehaven,USD
993,4770,2023-07-14,withdrawal,6443.72,failed,Gregside,EUR
994,6772,2022-12-29,withdrawal,4568.06,pending,Brewerberg,USD
995,4588,2022-09-28,deposit,9772.93,pending,Melanieburgh,GBP
996,4115,2023-05-11,deposit,2641.99,failed,Ericaview,GBP
997,5106,2022-07-16,withdrawal,501.75,failed,North Steven,EUR
998,3240,2022-09-10,withdrawal,8131.97,failed,New Carlport,USD
999,2591,2022-10-13,transfer,8741.53,pending,Reyesmouth,EUR
1000,1645,2023-07-26,deposit,8522.63,failed,East Jonathonton,GBP
